date,open,high,low,close,adj_close,volume
2019-01-02,108.0999984741211,109.13999938964844,107.7300033569336,108.97000122070312,107.65434265136719,9723500
2019-01-03,108.4800033569336,108.6500015258789,105.94000244140625,106.33000183105469,105.04621124267578,10594700
2019-01-04,107.94000244140625,110.75,107.25,109.61000061035156,108.28660583496094,10122800
2019-01-07,109.91000366210938,111.4000015258789,109.30000305175781,110.55999755859375,109.22513580322266,6714700
2019-01-08,111.80000305175781,112.55999755859375,111.16999816894531,111.41999816894531,110.07475280761719,8730700
2019-01-09,111.80000305175781,112.80000305175781,111.55999755859375,112.66999816894531,111.30966186523438,5931900
2019-01-10,111.98999786376953,112.91000366210938,111.5,112.80000305175781,111.43809509277344,6160100
2019-01-11,112.18000030517578,112.91999816894531,111.7300033569336,112.6500015258789,111.28990936279297,4819100
2019-01-14,111.6500015258789,112.69999694824219,111.43000030517578,112.41999816894531,111.06268310546875,6980600
2019-01-15,112.30000305175781,113.18000030517578,110.61000061035156,111.76000213623047,110.41065216064453,9800900
2019-01-16,111.44999694824219,112.01000213623047,110.80999755859375,110.91000366210938,109.57091522216797,5899900
2019-01-17,110.72000122070312,111.26000213623047,110.16000366210938,111.01000213623047,109.66970825195312,6392000
2019-01-18,111.86000061035156,111.93000030517578,110.83000183105469,111.04000091552734,109.69934844970703,8554700
2019-01-22,110.62000274658203,111.33000183105469,109.75,110.5999984741211,109.26465606689453,6986700
2019-01-23,111.19000244140625,111.83999633789062,110.0,111.12000274658203,109.77838134765625,6845600
2019-01-24,111.0,111.11000061035156,109.93000030517578,110.55000305175781,109.21526336669922,6716800
2019-01-25,111.47000122070312,111.5,110.66000366210938,111.08999633789062,109.74873352050781,5706900
2019-01-28,110.76000213623047,110.98999786376953,109.94999694824219,110.80999755859375,109.47211456298828,6178800
2019-01-29,110.6500015258789,110.93000030517578,110.0,110.9000015258789,109.56103515625,5253700
2019-01-30,110.30000305175781,110.58000183105469,108.95999908447266,110.12999725341797,108.80033111572266,7853800
2019-01-31,110.0999984741211,111.54000091552734,110.01000213623047,111.5199966430664,110.17354583740234,8351600
2019-02-01,111.97000122070312,112.05000305175781,110.93000030517578,111.30000305175781,109.95620727539062,6557700
2019-02-04,111.41000366210938,111.9800033569336,110.68000030517578,111.80000305175781,110.4501724243164,7037000
2019-02-05,112.0199966430664,112.73999786376953,111.44999694824219,112.66000366210938,111.29978942871094,13619800
2019-02-06,113.8499984741211,113.91999816894531,111.06999969482422,111.41000366210938,110.06488037109375,14229000
2019-02-07,111.05000305175781,111.11000061035156,109.80999755859375,110.94999694824219,109.61042022705078,8658100
2019-02-08,110.45999908447266,111.54000091552734,110.05999755859375,111.51000213623047,110.1636734008789,6395500
2019-02-11,111.7699966430664,111.80999755859375,109.25,109.44000244140625,108.11866760253906,11086400
2019-02-12,110.20999908447266,110.83000183105469,109.1500015258789,109.19999694824219,107.88155364990234,7610200
2019-02-13,109.23999786376953,110.4800033569336,109.2300033569336,110.19999694824219,108.86947631835938,6919700
2019-02-14,109.8499984741211,111.5,109.54000091552734,110.66000366210938,109.32392883300781,6324300
2019-02-15,111.4000015258789,112.62999725341797,111.02999877929688,112.58999633789062,111.23062133789062,8197300
2019-02-19,112.91000366210938,113.7699966430664,112.83000183105469,113.51000213623047,112.13951873779297,8169600
2019-02-20,113.5999984741211,114.08999633789062,113.29000091552734,113.68000030517578,112.30746459960938,7081500
2019-02-21,113.4000015258789,114.54000091552734,112.87000274658203,114.29000091552734,112.91010284423828,9480100
2019-02-22,114.62999725341797,115.7699966430664,113.94999694824219,115.25,113.85851287841797,8734700
2019-02-25,115.62000274658203,115.80000305175781,113.45999908447266,113.58999633789062,112.21855163574219,9327700
2019-02-26,113.6500015258789,114.01000213623047,112.8499984741211,113.5,112.129638671875,8956000
2019-02-27,113.0999984741211,113.51000213623047,112.45999908447266,112.77999877929688,111.4183349609375,7249500
2019-02-28,112.9000015258789,113.43000030517578,112.75,112.83999633789062,111.47760772705078,6716700
2019-03-01,113.44999694824219,114.44000244140625,113.44999694824219,114.01000213623047,112.63348388671875,6996900
2019-03-04,114.41999816894531,114.41999816894531,113.08999633789062,114.33000183105469,112.94962310791016,6015000
2019-03-05,114.2300033569336,114.54000091552734,113.76000213623047,114.0,112.62360382080078,5225100
2019-03-06,114.0,115.05000305175781,114.0,114.8499984741211,113.46334075927734,7352800
2019-03-07,114.8499984741211,114.9000015258789,113.47000122070312,114.01000213623047,112.63348388671875,6324000
2019-03-08,113.45999908447266,113.83999633789062,112.9000015258789,113.80999755859375,112.43589782714844,6549100
2019-03-11,114.04000091552734,115.0,114.02999877929688,114.75,113.36454772949219,6952700
2019-03-12,114.72000122070312,115.30000305175781,114.04000091552734,114.7300033569336,113.34479522705078,9920300
2019-03-13,114.83999633789062,114.8499984741211,113.72000122070312,114.08999633789062,112.71250915527344,17994500
2019-03-14,114.12000274658203,114.7699966430664,113.93000030517578,114.4800033569336,113.09781646728516,17409600
2019-03-15,114.5,115.4800033569336,113.68000030517578,114.95999908447266,113.57201385498047,14932700
2019-03-18,113.02999877929688,114.0,112.45999908447266,113.12000274658203,111.75423431396484,21769800
2019-03-19,112.94999694824219,113.70999908447266,109.80000305175781,110.0,108.6718978881836,45384400
2019-03-20,110.30999755859375,110.87999725341797,108.05000305175781,109.98999786376953,108.66201782226562,35588700
2019-03-21,110.0999984741211,110.1500015258789,108.37000274658203,108.66000366210938,107.34808349609375,27438900
2019-03-22,108.33000183105469,109.0,107.51000213623047,108.2300033569336,106.92327880859375,24133800
2019-03-25,108.48999786376953,109.06999969482422,107.31999969482422,107.79000091552734,106.48858642578125,18187500
2019-03-26,108.4000015258789,110.33999633789062,108.2699966430664,110.13999938964844,108.81021118164062,16693100
2019-03-27,110.44999694824219,111.08999633789062,109.7300033569336,110.27999877929688,108.94851684570312,10794800
2019-03-28,110.5999984741211,111.2699966430664,110.23999786376953,110.70999908447266,109.37332916259766,11748900
2019-03-29,111.55999755859375,111.5999984741211,110.38999938964844,111.02999877929688,109.68946075439453,16358800
2019-04-01,111.58999633789062,112.87000274658203,111.37999725341797,112.51000213623047,111.15159606933594,10785100
2019-04-02,113.1500015258789,113.30999755859375,111.91999816894531,111.95999908447266,110.60823822021484,9231800
2019-04-03,112.69999694824219,113.11000061035156,112.20999908447266,112.5199966430664,111.16146850585938,10534900
2019-04-04,113.23999786376953,114.86000061035156,113.02999877929688,114.75,113.36454772949219,14378400
2019-04-05,114.97000122070312,115.12999725341797,114.30999755859375,115.0,113.61152648925781,10907900
2019-04-08,115.0,115.83000183105469,114.63999938964844,114.95999908447266,113.57201385498047,11054200
2019-04-09,115.61000061035156,117.16000366210938,115.27999877929688,116.86000061035156,115.4490737915039,17340300
2019-04-10,117.58000183105469,118.02999877929688,116.27999877929688,117.16000366210938,115.7454605102539,14091100
2019-04-11,117.7300033569336,117.86000061035156,116.31999969482422,116.5999984741211,115.19221496582031,12784500
2019-04-12,127.91000366210938,130.89999389648438,126.36000061035156,130.05999755859375,128.4897003173828,65253500
2019-04-15,131.0500030517578,132.6999969482422,129.7899932861328,132.0399932861328,130.44578552246094,32773700
2019-04-16,131.75,132.1300048828125,129.55999755859375,129.89999389648438,128.3316192626953,14564300
2019-04-17,129.80999755859375,132.36000061035156,129.27999877929688,131.75,130.1593017578125,14253700
2019-04-18,131.77000427246094,132.8699951171875,131.11000061035156,132.4499969482422,130.85084533691406,11890600
2019-04-22,131.89999389648438,132.1999969482422,131.02999877929688,131.67999267578125,130.0901336669922,10197500
2019-04-23,133.38999938964844,134.24000549316406,132.64999389648438,133.36000061035156,131.74986267089844,12159300
2019-04-24,133.11000061035156,135.75,132.72000122070312,135.10000610351562,133.46885681152344,11449500
2019-04-25,135.36000061035156,138.8800048828125,134.83999633789062,137.24000549316406,135.5830078125,16382500
2019-04-26,138.6999969482422,140.0399932861328,137.50999450683594,139.9199981689453,138.2306671142578,14167600
2019-04-29,142.19000244140625,142.3699951171875,137.61000061035156,139.3000030517578,137.61814880371094,25746100
2019-04-30,139.1199951171875,139.38999938964844,136.02999877929688,136.97000122070312,135.31626892089844,15253100
2019-05-01,137.49000549316406,138.1699981689453,136.24000549316406,136.3800048828125,134.7333984375,8906700
2019-05-02,135.3800048828125,135.69000244140625,132.3800048828125,134.13999938964844,132.52044677734375,16580400
2019-05-03,135.22000122070312,135.30999755859375,133.77999877929688,134.3300018310547,132.70814514160156,8874400
2019-05-06,132.5399932861328,135.3300018310547,132.3000030517578,135.0,133.37005615234375,9955600
2019-05-07,135.35000610351562,135.97000122070312,132.75999450683594,133.44000244140625,131.82888793945312,10972700
2019-05-08,133.5,135.6999969482422,133.30999755859375,134.99000549316406,133.3601837158203,15423500
2019-05-09,135.02999877929688,136.47999572753906,132.83999633789062,133.58999633789062,131.97708129882812,15297100
2019-05-10,133.00999450683594,134.32000732421875,131.22999572753906,134.0399932861328,132.42164611816406,9858500
2019-05-13,131.5,132.66000366210938,130.5500030517578,131.33999633789062,129.75424194335938,11389900
2019-05-14,133.52000427246094,134.66000366210938,132.0500030517578,133.1999969482422,131.59178161621094,12001700
2019-05-15,132.5500030517578,135.2100067138672,132.0399932861328,134.67999267578125,133.0539093017578,9734100
2019-05-16,135.2899932861328,136.39999389648438,134.80999755859375,135.5,133.864013671875,9689400
2019-05-17,134.25999450683594,135.97999572753906,134.02999877929688,135.0399932861328,133.40957641601562,8964200
2019-05-20,134.25,134.39999389648438,133.25,133.91000366210938,132.29322814941406,8009000
2019-05-21,134.57000732421875,134.57000732421875,133.11000061035156,134.08999633789062,132.47103881835938,7050300
2019-05-22,133.82000732421875,134.1699981689453,133.38999938964844,133.85000610351562,132.23394775390625,5093700
2019-05-23,132.7100067138672,133.5500030517578,131.9499969482422,132.72999572753906,131.12747192382812,6743300
2019-05-24,133.10000610351562,133.2899932861328,132.22000122070312,132.7899932861328,131.1867218017578,4570100
2019-05-28,133.2100067138672,134.0399932861328,132.58999633789062,132.6199951171875,131.01878356933594,8938400
2019-05-29,131.9600067138672,132.14999389648438,130.77999877929688,131.57000732421875,129.9814910888672,7749600
2019-05-30,131.8800048828125,132.67999267578125,131.33999633789062,132.1999969482422,130.60385131835938,5274000
2019-05-31,130.9600067138672,132.92999267578125,130.77999877929688,132.0399932861328,130.44578552246094,7420700
2019-06-03,132.02000427246094,132.9499969482422,131.49000549316406,132.47000122070312,130.87062072753906,7901400
2019-06-04,133.4499969482422,134.8800048828125,132.9199981689453,134.82000732421875,133.19224548339844,8247500
2019-06-05,135.41000366210938,136.0,134.94000244140625,135.94000244140625,134.29872131347656,6842800
2019-06-06,136.50999450683594,137.44000244140625,135.72999572753906,137.2100067138672,135.5533905029297,6027300
2019-06-07,137.60000610351562,138.75999450683594,137.3300018310547,138.0399932861328,136.37335205078125,7026300
2019-06-10,138.8800048828125,138.8800048828125,136.07000732421875,137.07000732421875,135.41506958007812,8479500
2019-06-11,137.58999633789062,137.75,134.94000244140625,135.0800018310547,133.4490966796875,6352200
2019-06-12,135.08999633789062,136.27999877929688,134.82000732421875,135.72000122070312,134.0813751220703,5537000
2019-06-13,137.9499969482422,141.85000610351562,137.61000061035156,141.74000549316406,140.0286865234375,17939500
2019-06-14,142.0500030517578,142.9499969482422,140.52999877929688,141.64999389648438,139.9397735595703,11125200
2019-06-17,140.80999755859375,141.47999572753906,139.11000061035156,140.97000122070312,139.26797485351562,8542700
2019-06-18,141.99000549316406,143.50999450683594,138.97000122070312,139.24000549316406,137.55886840820312,11231400
2019-06-19,139.50999450683594,141.07000732421875,138.5800018310547,140.9199981689453,139.2185821533203,6877100
2019-06-20,141.97999572753906,142.22999572753906,139.91000366210938,142.02000427246094,140.3052978515625,8485800
2019-06-21,141.9499969482422,142.0,140.0,140.22999572753906,138.53689575195312,14150000
2019-06-24,140.1199951171875,140.47000122070312,137.8000030517578,139.22000122070312,137.5391082763672,10497400
2019-06-25,139.02000427246094,140.41000366210938,138.6699981689453,139.94000244140625,138.2504119873047,14675400
2019-06-26,140.36000061035156,140.74000549316406,139.50999450683594,140.39999389648438,138.70484924316406,8842100
2019-06-27,141.0,141.74000549316406,138.9199981689453,139.3000030517578,137.61814880371094,6466300
2019-06-28,139.41000366210938,140.2100067138672,138.61000061035156,139.63999938964844,137.9540252685547,20078800
2019-07-01,140.4499969482422,141.9499969482422,139.22000122070312,141.64999389648438,139.9397735595703,8972400
2019-07-02,141.39999389648438,142.86000061035156,141.27000427246094,142.52999877929688,140.80914306640625,7554100
2019-07-03,142.6999969482422,143.0,142.0,142.97999572753906,141.2537078857422,4150900
2019-07-05,141.4199981689453,142.88999938964844,140.6999969482422,142.4499969482422,141.60162353515625,5596000
2019-07-08,142.17999267578125,142.22999572753906,140.97000122070312,141.02000427246094,140.18014526367188,4993900
2019-07-09,140.05999755859375,141.72000122070312,139.75,141.61000061035156,140.76663208007812,7396300
2019-07-10,142.39999389648438,144.25,142.00999450683594,143.5399932861328,142.6851348876953,9533700
2019-07-11,144.00999450683594,145.33999633789062,143.5399932861328,143.55999755859375,142.70501708984375,10471100
2019-07-12,144.14999389648438,145.42999267578125,144.0,144.8800048828125,144.0171661376953,8510000
2019-07-15,145.1300048828125,145.36000061035156,143.97000122070312,145.05999755859375,144.19607543945312,5289200
2019-07-16,144.75,144.99000549316406,143.80999755859375,144.3000030517578,143.44061279296875,5854700
2019-07-17,144.60000610351562,144.67999267578125,142.3699951171875,142.57000732421875,141.72091674804688,5296400
2019-07-18,142.4600067138672,142.4600067138672,140.1699981689453,141.6300048828125,140.78651428222656,8031700
2019-07-19,142.24000549316406,142.24000549316406,139.74000549316406,139.85000610351562,139.01712036132812,6109900
2019-07-22,141.25,141.44000244140625,140.00999450683594,140.83999633789062,140.00120544433594,7706400
2019-07-23,141.64999389648438,142.5399932861328,140.27000427246094,141.25999450683594,140.41871643066406,7514500
2019-07-24,141.39999389648438,141.58999633789062,140.39999389648438,141.2899932861328,140.4485321044922,5896600
2019-07-25,141.39999389648438,143.22999572753906,141.0399932861328,143.2100067138672,142.3571014404297,7294400
2019-07-26,143.74000549316406,145.19000244140625,143.0500030517578,144.64999389648438,143.78851318359375,8139400
2019-07-29,145.58999633789062,147.14999389648438,145.1699981689453,146.38999938964844,145.51815795898438,11674100
2019-07-30,145.75999450683594,146.8000030517578,144.61000061035156,144.92999267578125,144.0668487548828,6563100
2019-07-31,144.99000549316406,145.0,142.33999633789062,143.00999450683594,142.15829467773438,9710700
2019-08-01,143.33999633789062,144.52999877929688,141.25999450683594,141.85000610351562,141.0052032470703,8911700
2019-08-02,140.99000549316406,142.22000122070312,139.94000244140625,141.7100067138672,140.8660430908203,6539100
2019-08-05,139.13999938964844,140.22999572753906,137.02999877929688,138.3000030517578,137.47634887695312,10669700
2019-08-06,140.41000366210938,141.9499969482422,138.3699951171875,141.8699951171875,141.0250701904297,18818900
2019-08-07,134.92999267578125,135.8699951171875,132.25999450683594,134.86000061035156,134.0568389892578,29084500
2019-08-08,137.89999389648438,138.0,136.00999450683594,137.88999938964844,137.06878662109375,14054800
2019-08-09,137.10000610351562,139.24000549316406,136.75999450683594,138.52000427246094,137.69503784179688,8811900
2019-08-12,137.30999755859375,137.57000732421875,135.22999572753906,135.75,134.9415283203125,7918900
2019-08-13,135.0,137.9199981689453,135.0,137.00999450683594,136.1940155029297,8145400
2019-08-14,135.05999755859375,135.14999389648438,132.67999267578125,132.85000610351562,132.05880737304688,11797700
2019-08-15,133.5,134.27999877929688,132.47000122070312,133.41000366210938,132.61546325683594,7590100
2019-08-16,134.02000427246094,135.5,133.8300018310547,135.1999969482422,134.39480590820312,6353800
2019-08-19,136.7899932861328,137.6199951171875,134.27999877929688,135.2899932861328,134.48426818847656,11741800
2019-08-20,133.3300018310547,136.0399932861328,133.25999450683594,135.1300048828125,134.32522583007812,8628000
2019-08-21,134.61000061035156,136.05999755859375,134.0500030517578,135.75999450683594,134.9514617919922,6325000
2019-08-22,136.1999969482422,136.6699981689453,134.69000244140625,136.0800018310547,135.26956176757812,6967100
2019-08-23,135.50999450683594,136.44000244140625,131.02000427246094,131.6699981689453,130.88583374023438,10190900
2019-08-26,134.19000244140625,134.63999938964844,132.5500030517578,134.61000061035156,133.80831909179688,8093800
2019-08-27,135.77000427246094,135.99000549316406,134.19000244140625,134.49000549316406,133.6890411376953,6013600
2019-08-28,134.05999755859375,136.72999572753906,133.52000427246094,136.5500030517578,135.7367706298828,5950500
2019-08-29,138.1199951171875,138.67999267578125,137.4199981689453,137.83999633789062,137.01907348632812,6532700
2019-08-30,138.2899932861328,138.5,136.75999450683594,137.25999450683594,136.44253540039062,5622200
2019-09-03,136.3699951171875,136.4199981689453,135.05999755859375,136.30999755859375,135.49819946289062,5997400
2019-09-04,136.74000549316406,138.1999969482422,136.38999938964844,137.88999938964844,137.06878662109375,4285400
2019-09-05,138.9199981689453,139.27000427246094,138.32000732421875,138.83999633789062,138.01312255859375,5143500
2019-09-06,139.1300048828125,139.80999755859375,138.25,139.5500030517578,138.71890258789062,4090000
2019-09-09,139.5800018310547,140.0800018310547,138.47999572753906,138.8300018310547,138.00318908691406,5458700
2019-09-10,138.1199951171875,138.44000244140625,134.5800018310547,135.7899932861328,134.98129272460938,10974600
2019-09-11,135.55999755859375,136.24000549316406,134.92999267578125,136.19000244140625,135.37890625,7896400
2019-09-12,136.83999633789062,138.6699981689453,136.5399932861328,137.5,136.6811065673828,7333900
2019-09-13,137.85000610351562,138.22000122070312,137.11000061035156,138.02000427246094,137.19801330566406,5209100
2019-09-16,136.2899932861328,137.24000549316406,135.3000030517578,135.8000030517578,134.99124145507812,6329300
2019-09-17,135.8000030517578,136.72999572753906,135.6699981689453,136.30999755859375,135.49819946289062,4726500
2019-09-18,136.41000366210938,137.07000732421875,135.72000122070312,136.8000030517578,135.9852752685547,6857900
2019-09-19,137.0,137.36000061035156,133.0,133.3000030517578,132.50611877441406,12216100
2019-09-20,133.02999877929688,133.22999572753906,131.61000061035156,132.27000427246094,131.4822540283203,25231600
2019-09-23,131.99000549316406,132.88999938964844,131.88999938964844,132.4600067138672,131.67112731933594,6096100
2019-09-24,134.00999450683594,134.14999389648438,131.5,131.97000122070312,131.1840362548828,11904000
2019-09-25,131.7899932861328,133.4199981689453,131.22000122070312,133.08999633789062,132.29736328125,6523000
2019-09-26,133.13999938964844,133.3000030517578,129.05999755859375,131.27000427246094,130.48822021484375,11615100
2019-09-27,130.10000610351562,131.0,128.9199981689453,129.9600067138672,129.18601989746094,8401300
2019-09-30,130.35000610351562,130.86000061035156,129.82000732421875,130.32000732421875,129.5438690185547,5532500
2019-10-01,130.8000030517578,131.77999877929688,129.50999450683594,129.5500030517578,128.77845764160156,5978500
2019-10-02,128.50999450683594,129.22000122070312,127.56999969482422,129.13999938964844,128.3708953857422,8296100
2019-10-03,128.60000610351562,129.42999267578125,127.54000091552734,128.14999389648438,127.38678741455078,8498700
2019-10-04,128.69000244140625,130.44000244140625,128.61000061035156,130.27000427246094,129.49417114257812,6732900
2019-10-07,130.27000427246094,131.57000732421875,129.0399932861328,130.89999389648438,130.1204071044922,5784100
2019-10-08,129.89999389648438,130.0399932861328,128.3699951171875,128.47000122070312,127.70488739013672,6526000
2019-10-09,129.10000610351562,129.85000610351562,128.05999755859375,129.3300018310547,128.5597686767578,5004600
2019-10-10,129.22000122070312,130.13999938964844,128.8800048828125,129.33999633789062,128.5697021484375,4512000
2019-10-11,130.3000030517578,130.99000549316406,129.83999633789062,130.02000427246094,129.24566650390625,6559000
2019-10-14,130.1300048828125,130.3000030517578,129.47999572753906,129.6999969482422,128.92755126953125,3710300
2019-10-15,130.00999450683594,130.88999938964844,129.39999389648438,129.75999450683594,128.98719787597656,5914700
2019-10-16,129.75999450683594,131.8300018310547,129.6999969482422,130.86000061035156,130.08065795898438,7610800
2019-10-17,132.52999877929688,133.44000244140625,130.50999450683594,132.3699951171875,131.58164978027344,8005100
2019-10-18,132.3699951171875,133.16000366210938,130.88999938964844,130.88999938964844,130.1104736328125,8694000
2019-10-21,131.44000244140625,131.72999572753906,130.02000427246094,130.25999450683594,129.48422241210938,6257100
2019-10-22,133.14999389648438,133.67999267578125,132.10000610351562,132.39999389648438,131.61148071289062,9291600
2019-10-23,132.4499969482422,132.67999267578125,130.75999450683594,131.1300048828125,130.3490447998047,5970800
2019-10-24,131.52000427246094,131.6999969482422,129.6300048828125,130.25999450683594,129.48422241210938,5746300
2019-10-25,130.5,131.75999450683594,130.02999877929688,130.89999389648438,130.1204071044922,6696000
2019-10-28,131.4499969482422,132.0800018310547,130.13999938964844,130.52999877929688,129.75262451171875,8940300
2019-10-29,130.5,130.77000427246094,129.44000244140625,129.47999572753906,128.7088623046875,9305100
2019-10-30,129.69000244140625,130.30999755859375,129.14999389648438,129.60000610351562,128.8281707763672,10880000
2019-10-31,129.52999877929688,130.14999389648438,128.75,129.9199981689453,129.14625549316406,9628300
2019-11-01,130.99000549316406,132.8000030517578,130.50999450683594,132.75,131.9593963623047,8507600
2019-11-04,134.1199951171875,134.13999938964844,132.47000122070312,132.9199981689453,132.12838745117188,7631800
2019-11-05,132.77000427246094,132.77000427246094,130.88999938964844,131.4499969482422,130.66712951660156,7404500
2019-11-06,131.60000610351562,131.66000366210938,130.66000366210938,131.27000427246094,130.48822021484375,9132500
2019-11-07,132.35000610351562,133.6999969482422,131.75,132.9600067138672,132.16815185546875,18047600
2019-11-08,140.22000122070312,140.25,136.74000549316406,137.9600067138672,137.1383819580078,24175900
2019-11-11,137.5,138.55999755859375,136.2100067138672,136.74000549316406,135.92564392089844,10138400
2019-11-12,138.02999877929688,139.33999633789062,136.74000549316406,138.5800018310547,137.7546844482422,17284000
2019-11-13,138.5800018310547,149.9199981689453,136.83999633789062,148.72000122070312,147.83428955078125,45725400
2019-11-14,148.0,150.6300048828125,146.27999877929688,147.14999389648438,146.2736358642578,28393600
2019-11-15,147.13999938964844,147.1999969482422,144.2100067138672,144.6699981689453,143.80841064453125,13733400
2019-11-18,144.75,149.0399932861328,143.69000244140625,147.64999389648438,146.77066040039062,15353100
2019-11-19,148.17999267578125,149.47999572753906,146.8000030517578,148.3800048828125,147.49632263183594,11504300
2019-11-20,148.08999633789062,148.99000549316406,146.02999877929688,146.92999267578125,146.05494689941406,9448400
2019-11-21,147.16000366210938,147.47000122070312,146.25999450683594,146.89999389648438,146.02511596679688,6241400
2019-11-22,147.2100067138672,149.44000244140625,146.67999267578125,148.2899932861328,147.40684509277344,9639400
2019-11-25,148.8000030517578,150.2100067138672,147.6999969482422,149.69000244140625,148.7985076904297,11316800
2019-11-26,151.75,153.41000366210938,150.61000061035156,151.63999938964844,150.7368927001953,24949900
2019-11-27,152.3000030517578,152.57000732421875,151.14999389648438,151.47999572753906,150.57785034179688,6155400
2019-11-29,151.47999572753906,152.47000122070312,151.00999450683594,151.5800018310547,150.67726135253906,6284900
2019-12-02,152.94000244140625,152.97000122070312,149.10000610351562,150.6199951171875,149.72296142578125,10351000
2019-12-03,147.74000549316406,149.11000061035156,146.8699951171875,148.5800018310547,147.69512939453125,9273800
2019-12-04,149.3000030517578,149.3300018310547,148.17999267578125,148.27999877929688,147.39691162109375,7684800
2019-12-05,148.69000244140625,148.8300018310547,147.10000610351562,147.44000244140625,146.56190490722656,7363300
2019-12-06,148.39999389648438,148.61000061035156,147.17999267578125,147.66000366210938,146.78060913085938,7084900
2019-12-09,147.9600067138672,148.50999450683594,145.39999389648438,146.2100067138672,145.33924865722656,11515000
2019-12-10,145.25999450683594,146.85000610351562,145.0500030517578,146.10000610351562,145.22988891601562,7084100
2019-12-11,147.38999938964844,147.88999938964844,146.75999450683594,147.58999633789062,146.7110137939453,8253700
2019-12-12,147.9199981689453,148.92999267578125,147.25,147.75999450683594,146.8800048828125,7748300
2019-12-13,147.42999267578125,147.8000030517578,146.30999755859375,146.3800048828125,146.3800048828125,9350100
2019-12-16,147.58999633789062,148.64999389648438,146.5500030517578,148.4600067138672,148.4600067138672,9134400
2019-12-17,148.10000610351562,148.4600067138672,147.6199951171875,147.72999572753906,147.72999572753906,8776100
2019-12-18,147.77000427246094,147.9499969482422,146.19000244140625,146.25999450683594,146.25999450683594,9467800
2019-12-19,146.17999267578125,146.8000030517578,145.32000732421875,146.14999389648438,146.14999389648438,10243900
2019-12-20,147.14999389648438,147.8800048828125,145.77000427246094,146.8800048828125,146.8800048828125,12629900
2019-12-23,145.91000366210938,146.3300018310547,144.3300018310547,144.67999267578125,144.67999267578125,9314000
2019-12-24,144.5800018310547,145.42999267578125,144.4499969482422,145.2899932861328,145.2899932861328,3508500
2019-12-26,145.39999389648438,145.86000061035156,145.1699981689453,145.6999969482422,145.6999969482422,4422000
2019-12-27,146.0500030517578,146.50999450683594,145.4499969482422,145.75,145.75,5495300
2019-12-30,145.75,145.8699951171875,143.39999389648438,143.77000427246094,143.77000427246094,6602800
2019-12-31,143.6699981689453,144.77000427246094,143.25999450683594,144.6300048828125,144.6300048828125,5662900
2020-01-02,145.2899932861328,148.1999969482422,145.10000610351562,148.1999969482422,148.1999969482422,9502100
2020-01-03,146.39999389648438,147.89999389648438,146.0500030517578,146.5,146.5,7320200
2020-01-06,145.5399932861328,146.02999877929688,144.30999755859375,145.64999389648438,145.64999389648438,8262500
2020-01-07,145.99000549316406,146.8699951171875,145.4199981689453,145.6999969482422,145.6999969482422,6906500
2020-01-08,145.49000549316406,146.1300048828125,144.82000732421875,145.39999389648438,145.39999389648438,6984200
2020-01-09,146.47000122070312,146.6300048828125,144.61000061035156,144.8300018310547,144.8300018310547,6664200
2020-01-10,145.3000030517578,145.5,144.25999450683594,144.6199951171875,144.6199951171875,5152500
2020-01-13,144.75,144.75,143.36000061035156,143.8800048828125,143.8800048828125,9921300
2020-01-14,143.41000366210938,146.72000122070312,142.2899932861328,145.1999969482422,145.1999969482422,14839100
2020-01-15,145.7100067138672,145.7100067138672,143.92999267578125,144.32000732421875,144.32000732421875,6818200
2020-01-16,145.08999633789062,145.42999267578125,144.44000244140625,145.1199951171875,145.1199951171875,6948400
2020-01-17,145.5399932861328,145.63999938964844,144.00999450683594,144.3300018310547,144.3300018310547,10355300
2020-01-21,144.24000549316406,144.58999633789062,143.00999450683594,143.55999755859375,143.55999755859375,9250200
2020-01-22,144.4499969482422,144.7899932861328,143.5399932861328,144.00999450683594,144.00999450683594,7550000
2020-01-23,143.60000610351562,143.61000061035156,140.64999389648438,142.1999969482422,142.1999969482422,11082000
2020-01-24,141.39999389648438,142.25,139.1999969482422,140.0800018310547,140.0800018310547,13076300
2020-01-27,135.86000061035156,137.72999572753906,135.0,135.89999389648438,135.89999389648438,12831800
2020-01-28,136.5,138.92999267578125,135.86000061035156,138.3699951171875,138.3699951171875,10390000
2020-01-29,138.60000610351562,138.67999267578125,135.7899932861328,136.05999755859375,136.05999755859375,9382700
2020-01-30,135.08999633789062,137.85000610351562,134.8300018310547,137.80999755859375,137.80999755859375,11847300
2020-01-31,138.39999389648438,138.6699981689453,137.05999755859375,138.30999755859375,138.30999755859375,12379100
2020-02-03,139.7899932861328,141.82000732421875,139.75,141.32000732421875,141.32000732421875,12639900
2020-02-04,145.49000549316406,145.58999633789062,143.25,144.72999572753906,144.72999572753906,23519700
2020-02-05,146.60000610351562,147.3000030517578,138.57000732421875,141.3699951171875,141.3699951171875,27824100
2020-02-06,141.9199981689453,143.9499969482422,141.22000122070312,142.6999969482422,142.6999969482422,9504600
2020-02-07,141.88999938964844,141.99000549316406,140.1199951171875,141.02000427246094,141.02000427246094,10948900
2020-02-10,141.02999877929688,142.58999633789062,140.4600067138672,142.58999633789062,142.58999633789062,8162100
2020-02-11,142.85000610351562,142.99000549316406,140.4600067138672,141.00999450683594,141.00999450683594,10790100
2020-02-12,141.33999633789062,142.22000122070312,140.8699951171875,141.85000610351562,141.85000610351562,8168200
2020-02-13,141.1699981689453,141.89999389648438,140.82000732421875,140.89999389648438,140.89999389648438,7543100
2020-02-14,141.10000610351562,141.27999877929688,139.1300048828125,139.5399932861328,139.5399932861328,9110500
2020-02-18,139.02000427246094,139.66000366210938,138.10000610351562,139.13999938964844,139.13999938964844,8214900
2020-02-19,139.6300048828125,141.8699951171875,139.22999572753906,141.3000030517578,141.3000030517578,7080900
2020-02-20,141.6300048828125,141.6300048828125,138.85000610351562,140.3699951171875,140.3699951171875,5981700
2020-02-21,139.86000061035156,139.8800048828125,138.5800018310547,138.97000122070312,138.97000122070312,7725800
2020-02-24,132.89999389648438,134.44000244140625,131.2100067138672,133.00999450683594,133.00999450683594,19336500
2020-02-25,133.75,133.94000244140625,127.9800033569336,128.19000244140625,128.19000244140625,21032500
2020-02-26,126.12000274658203,128.3699951171875,122.12999725341797,123.36000061035156,123.36000061035156,31195900
2020-02-27,119.80999755859375,122.9000015258789,117.91999816894531,118.04000091552734,118.04000091552734,30827500
2020-02-28,114.51000213623047,118.30999755859375,113.20999908447266,117.6500015258789,117.6500015258789,35389900
2020-03-02,119.12999725341797,119.9800033569336,116.02999877929688,119.9800033569336,119.9800033569336,21775900
2020-03-03,121.1500015258789,121.77999877929688,115.1500015258789,116.44999694824219,116.44999694824219,19529700
2020-03-04,118.95999908447266,119.23999786376953,115.4800033569336,119.18000030517578,119.18000030517578,13842100
2020-03-05,116.86000061035156,116.95999908447266,112.11000061035156,113.9800033569336,113.9800033569336,22397200
2020-03-06,110.76000213623047,115.87000274658203,110.31999969482422,115.2699966430664,115.2699966430664,22899600
2020-03-09,108.69000244140625,110.43000030517578,104.27999877929688,104.3499984741211,104.3499984741211,26233600
2020-03-10,108.0999984741211,111.58000183105469,102.43000030517578,111.45999908447266,111.45999908447266,24083700
2020-03-11,108.41999816894531,108.9000015258789,102.86000061035156,105.51000213623047,105.51000213623047,24771300
2020-03-12,97.62000274658203,100.0,91.63999938964844,91.80999755859375,91.80999755859375,40392900
2020-03-13,100.77999877929688,102.87000274658203,92.25,102.5199966430664,102.5199966430664,40960100
2020-03-16,91.80000305175781,98.27999877929688,90.0,95.01000213623047,95.01000213623047,35379500
2020-03-17,95.80000305175781,97.45999908447266,91.1500015258789,93.52999877929688,93.52999877929688,27526200
2020-03-18,87.58999633789062,89.33999633789062,79.06999969482422,88.80000305175781,88.80000305175781,43592500
2020-03-19,88.0,97.4000015258789,85.11000061035156,94.93000030517578,94.93000030517578,30866800
2020-03-20,95.98999786376953,96.98999786376953,85.83999633789062,85.9800033569336,85.9800033569336,31957800
2020-03-23,84.48999786376953,87.27999877929688,81.08999633789062,85.76000213623047,85.76000213623047,32246600
2020-03-24,92.33000183105469,99.16999816894531,91.80000305175781,98.12000274658203,98.12000274658203,32538100
2020-03-25,100.66000366210938,105.91999816894531,95.51000213623047,100.7300033569336,100.7300033569336,28533000
2020-03-26,100.83000183105469,107.7300033569336,100.80000305175781,105.36000061035156,105.36000061035156,24520300
2020-03-27,100.44999694824219,101.48999786376953,95.54000091552734,96.4000015258789,96.4000015258789,30591500
2020-03-30,96.0,100.45999908447266,92.0999984741211,99.80000305175781,99.80000305175781,23119200
2020-03-31,100.22000122070312,103.16000366210938,96.16000366210938,96.5999984741211,96.5999984741211,21563200
2020-04-01,93.5,97.4000015258789,92.55999755859375,94.91999816894531,94.91999816894531,18303900
2020-04-02,94.19999694824219,97.26000213623047,94.19999694824219,96.97000122070312,96.97000122070312,13936500
2020-04-03,96.30999755859375,96.91999816894531,92.70999908447266,93.87999725341797,93.87999725341797,14814600
2020-04-06,97.26000213623047,100.19000244140625,94.5199966430664,99.58000183105469,99.58000183105469,20407400
2020-04-07,104.86000061035156,105.88999938964844,100.25,101.23999786376953,101.23999786376953,22899600
2020-04-08,100.52999877929688,102.3499984741211,98.6500015258789,101.06999969482422,101.06999969482422,22562500
2020-04-09,107.91999816894531,107.98999786376953,103.52999877929688,104.5,104.5,31453600
2020-04-13,104.70999908447266,104.87000274658203,99.61000061035156,103.5,103.5,17306000
2020-04-14,105.5,107.63999938964844,103.9000015258789,106.02999877929688,106.02999877929688,19866900
2020-04-15,104.38999938964844,104.87999725341797,102.69999694824219,103.37000274658203,103.37000274658203,14157600
2020-04-16,103.52999877929688,103.72000122070312,100.88999938964844,102.0199966430664,102.0199966430664,18029300
2020-04-17,106.20999908447266,106.79000091552734,104.3499984741211,106.62999725341797,106.62999725341797,17926900
2020-04-20,103.58000183105469,104.86000061035156,102.0,102.26000213623047,102.26000213623047,17021000
2020-04-21,100.01000213623047,101.51000213623047,99.12999725341797,100.54000091552734,100.54000091552734,16101400
2020-04-22,101.80000305175781,102.62999725341797,100.88999938964844,100.98999786376953,100.98999786376953,11463800
2020-04-23,100.6500015258789,102.52999877929688,99.45999908447266,101.0,101.0,17132200
2020-04-24,101.77999877929688,101.91999816894531,99.5199966430664,101.19000244140625,101.19000244140625,13614100
2020-04-27,102.0,106.5199966430664,101.61000061035156,106.05999755859375,106.05999755859375,15518300
2020-04-28,108.79000091552734,110.05999755859375,105.9800033569336,106.20999908447266,106.20999908447266,16503700
2020-04-29,109.94000244140625,112.69999694824219,108.55999755859375,112.25,112.25,20139800
2020-04-30,109.44000244140625,110.30999755859375,106.86000061035156,108.1500015258789,108.1500015258789,18638700
2020-05-01,106.36000061035156,106.91000366210938,104.47000122070312,105.5,105.5,13209100
2020-05-04,102.01000213623047,103.83000183105469,100.55000305175781,103.18000030517578,103.18000030517578,19514800
2020-05-05,101.51000213623047,105.18000030517578,100.9000015258789,101.05999755859375,101.05999755859375,30169800
2020-05-06,101.4800033569336,105.2699966430664,98.86000061035156,100.87999725341797,100.87999725341797,51992400
2020-05-07,101.8499984741211,105.61000061035156,101.83000183105469,105.56999969482422,105.56999969482422,20868800
2020-05-08,109.05000305175781,109.18000030517578,106.62999725341797,109.16000366210938,109.16000366210938,24079700
2020-05-11,108.4000015258789,108.80999755859375,106.41000366210938,107.7699966430664,107.7699966430664,20555900
2020-05-12,109.05999755859375,109.44000244140625,104.48999786376953,104.55999755859375,104.55999755859375,17049700
2020-05-13,104.5,104.54000091552734,101.5999984741211,102.91999816894531,102.91999816894531,21085800
2020-05-14,101.9800033569336,105.91999816894531,99.66000366210938,105.91000366210938,105.91000366210938,22002200
2020-05-15,104.9800033569336,109.37999725341797,104.2699966430664,109.05000305175781,109.05000305175781,29766000
2020-05-18,114.47000122070312,119.77999877929688,114.47000122070312,116.8499984741211,116.8499984741211,40044600
2020-05-19,115.0999984741211,116.47000122070312,113.41999816894531,114.37000274658203,114.37000274658203,20332600
2020-05-20,116.41999816894531,120.87000274658203,116.04000091552734,119.91999816894531,119.91999816894531,25749900
2020-05-21,119.33999633789062,120.30000305175781,116.5,117.83000183105469,117.83000183105469,17578300
2020-05-22,117.5,118.56999969482422,116.83000183105469,118.0199966430664,118.0199966430664,9288200
2020-05-26,121.05000305175781,122.51000213623047,120.43000030517578,120.94999694824219,120.94999694824219,16466400
2020-05-27,123.68000030517578,123.77999877929688,119.70999908447266,121.52999877929688,121.52999877929688,19345400
2020-05-28,121.5999984741211,121.9800033569336,116.0,116.75,116.75,18606000
2020-05-29,116.19000244140625,117.75,114.12000274658203,117.30000305175781,117.30000305175781,17745100
2020-06-01,117.26000213623047,119.6500015258789,116.93000030517578,118.7699966430664,118.7699966430664,10538300
2020-06-02,119.0,119.8499984741211,117.83000183105469,118.75,118.75,10753100
2020-06-03,119.98999786376953,122.44999694824219,119.31999969482422,122.18000030517578,122.18000030517578,12584300
2020-06-04,121.94999694824219,124.5,121.8499984741211,123.69000244140625,123.69000244140625,14195100
2020-06-05,126.30999755859375,127.81999969482422,124.27999877929688,124.81999969482422,124.81999969482422,16581600
2020-06-08,125.0999984741211,127.44000244140625,123.94000244140625,127.27999877929688,127.27999877929688,13858100
2020-06-09,125.62999725341797,125.79000091552734,123.51000213623047,123.88999938964844,123.88999938964844,10882800
2020-06-10,124.0199966430664,124.0999984741211,120.93000030517578,122.18000030517578,122.18000030517578,11497100
2020-06-11,117.5999984741211,118.0,112.25,112.63999938964844,112.63999938964844,26078800
2020-06-12,115.16999816894531,117.0,112.88999938964844,115.48999786376953,115.48999786376953,18361900
2020-06-15,112.08000183105469,118.12000274658203,111.70999908447266,117.08000183105469,117.08000183105469,14156400
2020-06-16,121.23999786376953,121.5,116.05000305175781,118.44000244140625,118.44000244140625,12951200
2020-06-17,118.63999938964844,119.2300033569336,117.13999938964844,117.6500015258789,117.6500015258789,8921600
2020-06-18,116.87999725341797,118.52999877929688,115.93000030517578,118.37000274658203,118.37000274658203,9577300
2020-06-19,119.9800033569336,120.12000274658203,114.3499984741211,114.3499984741211,114.3499984741211,23496300
2020-06-22,114.19000244140625,116.19000244140625,113.11000061035156,115.91999816894531,115.91999816894531,12868000
2020-06-23,116.95999908447266,117.44999694824219,115.97000122070312,116.58999633789062,116.58999633789062,10187600
2020-06-24,115.8499984741211,116.0,110.02999877929688,112.06999969482422,112.06999969482422,22252500
2020-06-25,108.98999786376953,111.51000213623047,108.5,111.36000061035156,111.36000061035156,17240400
2020-06-26,110.94999694824219,111.19999694824219,108.0199966430664,109.0999984741211,109.0999984741211,15270900
2020-06-29,109.0,111.56999969482422,108.0999984741211,111.5199966430664,111.5199966430664,12584300
2020-06-30,111.5,112.05000305175781,109.93000030517578,111.51000213623047,111.51000213623047,10565900
2020-07-01,112.81999969482422,115.5999984741211,112.29000091552734,113.01000213623047,113.01000213623047,11930900
2020-07-02,115.0,115.0999984741211,112.0,112.18000030517578,112.18000030517578,10312000
2020-07-06,113.83000183105469,114.52999877929688,112.9000015258789,114.43000030517578,114.43000030517578,11933400
2020-07-07,113.62999725341797,115.08000183105469,112.61000061035156,113.62999725341797,113.62999725341797,10836500
2020-07-08,113.4800033569336,117.12999725341797,112.80999755859375,116.66000366210938,116.66000366210938,13629500
2020-07-09,116.51000213623047,117.8499984741211,115.37999725341797,116.80999755859375,116.80999755859375,13582900
2020-07-10,116.83000183105469,119.44000244140625,116.20999908447266,119.33999633789062,119.33999633789062,14207900
2020-07-13,119.94000244140625,120.12999725341797,115.88999938964844,116.22000122070312,116.22000122070312,15620200
2020-07-14,115.2300033569336,119.08000183105469,114.54000091552734,118.66000366210938,118.66000366210938,12425100
2020-07-15,121.62999725341797,122.08999633789062,119.69999694824219,120.9000015258789,120.9000015258789,15314200
2020-07-16,117.72000122070312,119.98999786376953,117.5999984741211,119.43000030517578,119.43000030517578,10210100
2020-07-17,118.9000015258789,119.55999755859375,117.05999755859375,118.6500015258789,118.6500015258789,9843500
2020-07-20,118.05000305175781,118.48999786376953,116.81999969482422,117.79000091552734,117.79000091552734,8947900
2020-07-21,118.05000305175781,120.38999938964844,117.66000366210938,118.62000274658203,118.62000274658203,8946300
2020-07-22,118.19000244140625,119.30000305175781,117.93000030517578,119.02999877929688,119.02999877929688,7063300
2020-07-23,118.86000061035156,119.3499984741211,117.01000213623047,118.12000274658203,118.12000274658203,7255800
2020-07-24,115.69999694824219,118.20999908447266,115.52999877929688,117.61000061035156,117.61000061035156,8233300
2020-07-27,117.19999694824219,117.41999816894531,115.68000030517578,116.30999755859375,116.30999755859375,9413000
2020-07-28,115.45999908447266,116.83999633789062,114.68000030517578,116.18000030517578,116.18000030517578,6821100
2020-07-29,116.22000122070312,116.70999908447266,115.11000061035156,115.61000061035156,115.61000061035156,9496500
2020-07-30,114.91000366210938,116.29000091552734,113.37000274658203,115.66000366210938,115.66000366210938,9713500
2020-07-31,115.22000122070312,117.05000305175781,114.12000274658203,116.94000244140625,116.94000244140625,9601000
2020-08-03,116.16999816894531,117.12000274658203,115.3499984741211,116.3499984741211,116.3499984741211,10229200
2020-08-04,115.95999908447266,118.3499984741211,115.76000213623047,117.29000091552734,117.29000091552734,17293900
2020-08-05,123.37000274658203,130.30999755859375,123.27999877929688,127.61000061035156,127.61000061035156,53000200
2020-08-06,126.95999908447266,131.6300048828125,125.61000061035156,130.82000732421875,130.82000732421875,27238000
2020-08-07,130.22000122070312,131.94000244140625,128.66000366210938,129.92999267578125,129.92999267578125,16088600
2020-08-10,129.75,131.32000732421875,128.49000549316406,128.7899932861328,128.7899932861328,8529200
2020-08-11,130.52999877929688,132.75999450683594,130.0,130.49000549316406,130.49000549316406,13885700
2020-08-12,130.6699981689453,133.0,130.49000549316406,131.7899932861328,131.7899932861328,12204200
2020-08-13,130.63999938964844,132.35000610351562,130.4499969482422,130.9600067138672,130.9600067138672,6468600
2020-08-14,130.00999450683594,131.0800018310547,129.74000549316406,130.52999877929688,130.52999877929688,6507600
2020-08-17,130.10000610351562,130.13999938964844,128.5399932861328,129.3699951171875,129.3699951171875,7492200
2020-08-18,129.44000244140625,129.58999633789062,128.36000061035156,128.9199981689453,128.9199981689453,6714600
2020-08-19,129.25,130.22000122070312,127.43000030517578,127.7699966430664,127.7699966430664,7624200
2020-08-20,126.80000305175781,128.4499969482422,126.52999877929688,128.1199951171875,128.1199951171875,4918100
2020-08-21,127.72000122070312,128.30999755859375,127.2300033569336,127.44000244140625,127.44000244140625,6064700
2020-08-24,128.14999389648438,130.8800048828125,127.93000030517578,130.69000244140625,130.69000244140625,7613600
2020-08-25,130.8300018310547,131.08999633789062,129.30999755859375,129.7899932861328,129.7899932861328,5494400
2020-08-26,130.0,132.60000610351562,129.52000427246094,132.17999267578125,132.17999267578125,8447800
2020-08-27,133.0,136.36000061035156,132.82000732421875,133.72999572753906,133.72999572753906,13667600
2020-08-28,134.5,136.8000030517578,133.5800018310547,135.5399932861328,135.5399932861328,11020100
2020-08-31,135.25,135.5399932861328,131.25,131.8699951171875,131.8699951171875,11617500
2020-09-01,131.9199981689453,133.61000061035156,130.88999938964844,133.5500030517578,133.5500030517578,7351200
2020-09-02,133.6300048828125,135.9199981689453,133.25999450683594,135.38999938964844,135.38999938964844,8187800
2020-09-03,135.24000549316406,137.24000549316406,132.02000427246094,133.24000549316406,133.24000549316406,12079200
2020-09-04,133.75,134.8800048828125,129.4199981689453,131.99000549316406,131.99000549316406,11248300
2020-09-08,131.99000549316406,137.13999938964844,130.86000061035156,134.1999969482422,134.1999969482422,17257300
2020-09-09,134.27999877929688,135.5500030517578,132.25999450683594,133.36000061035156,133.36000061035156,8891800
2020-09-10,133.5800018310547,136.75,132.74000549316406,133.22000122070312,133.22000122070312,9853400
2020-09-11,133.74000549316406,133.74000549316406,131.08999633789062,131.75,131.75,7165300
2020-09-14,132.52999877929688,132.92999267578125,130.89999389648438,131.25,131.25,8391900
2020-09-15,131.4600067138672,132.5399932861328,131.00999450683594,131.24000549316406,131.24000549316406,7289100
2020-09-16,132.1699981689453,133.6199951171875,131.39999389648438,132.08999633789062,132.08999633789062,6601000
2020-09-17,130.5500030517578,131.77000427246094,128.60000610351562,130.22000122070312,130.22000122070312,6723500
2020-09-18,129.5,130.7899932861328,128.1199951171875,128.6300048828125,128.6300048828125,9916300
2020-09-21,125.9800033569336,126.88999938964844,123.58999633789062,125.41000366210938,125.41000366210938,10352700
2020-09-22,125.26000213623047,127.47000122070312,124.69999694824219,127.20999908447266,127.20999908447266,6978800
2020-09-23,127.06999969482422,127.30000305175781,122.9000015258789,123.27999877929688,123.27999877929688,8323600
2020-09-24,121.93000030517578,123.80000305175781,120.77999877929688,122.48999786376953,122.48999786376953,8480000
2020-09-25,121.36000061035156,124.19000244140625,120.9800033569336,124.0,124.0,6851800
2020-09-28,125.75,126.86000061035156,125.37000274658203,125.98999786376953,125.98999786376953,6283700
2020-09-29,125.91999816894531,126.29000091552734,123.68000030517578,125.4000015258789,125.4000015258789,7405800
2020-09-30,123.23999786376953,125.55000305175781,123.23999786376953,124.08000183105469,124.08000183105469,13642500
2020-10-01,124.94000244140625,125.47000122070312,122.41999816894531,123.30999755859375,123.30999755859375,8908300
2020-10-02,121.98999786376953,123.68000030517578,121.69000244140625,122.55000305175781,122.55000305175781,6490200
2020-10-05,123.26000213623047,123.5999984741211,122.33000183105469,123.37000274658203,123.37000274658203,5919200
2020-10-06,123.12999725341797,124.19000244140625,120.61000061035156,120.93000030517578,120.93000030517578,9052000
2020-10-07,121.94999694824219,123.30999755859375,120.93000030517578,122.91000366210938,122.91000366210938,10187800
2020-10-08,123.58000183105469,123.75,122.41999816894531,123.08999633789062,123.08999633789062,7404600
2020-10-09,123.8499984741211,125.55000305175781,123.33000183105469,124.9800033569336,124.9800033569336,11502200
2020-10-12,124.9000015258789,125.94000244140625,123.7300033569336,124.97000122070312,124.97000122070312,10958200
2020-10-13,129.8000030517578,131.36000061035156,127.9000015258789,128.9600067138672,128.9600067138672,22389000
2020-10-14,129.13999938964844,129.5,125.29000091552734,126.58999633789062,126.58999633789062,11531500
2020-10-15,125.0,127.4000015258789,124.43000030517578,127.36000061035156,127.36000061035156,7744000
2020-10-16,127.80999755859375,128.1199951171875,126.33000183105469,126.80999755859375,126.80999755859375,6291700
2020-10-19,127.37000274658203,127.4000015258789,123.70999908447266,124.2300033569336,124.2300033569336,6576900
2020-10-20,124.58000183105469,125.7300033569336,123.63999938964844,124.94999694824219,124.94999694824219,6161200
2020-10-21,124.36000061035156,127.55999755859375,123.83999633789062,126.62999725341797,126.62999725341797,6591500
2020-10-22,126.66999816894531,128.10000610351562,125.97000122070312,127.55999755859375,127.55999755859375,5177700
2020-10-23,128.10000610351562,128.5,126.3499984741211,128.35000610351562,128.35000610351562,5439900
2020-10-26,127.11000061035156,127.11000061035156,122.94999694824219,124.05999755859375,124.05999755859375,8578900
2020-10-27,124.02999877929688,124.61000061035156,123.02999877929688,123.30999755859375,123.30999755859375,6813800
2020-10-28,121.01000213623047,121.52999877929688,118.31999969482422,118.47000122070312,118.47000122070312,11654700
2020-10-29,118.16000366210938,122.62999725341797,117.2300033569336,121.54000091552734,121.54000091552734,9583700
2020-10-30,120.63999938964844,121.75,119.08999633789062,121.25,121.25,8090200
2020-11-02,122.23999786376953,122.93000030517578,119.80999755859375,120.12999725341797,120.12999725341797,9186000
2020-11-03,121.61000061035156,125.06999969482422,121.37000274658203,124.0199966430664,124.0199966430664,8144900
2020-11-04,123.58000183105469,126.86000061035156,123.41000366210938,125.06999969482422,125.06999969482422,7483000
2020-11-05,126.77999877929688,128.6199951171875,125.80000305175781,126.95999908447266,126.95999908447266,7654800
2020-11-06,126.26000213623047,128.0399932861328,124.61000061035156,127.45999908447266,127.45999908447266,6259700
2020-11-09,140.25999450683594,147.67999267578125,138.07000732421875,142.58999633789062,142.58999633789062,35634700
2020-11-10,139.97000122070312,142.3699951171875,137.6699981689453,142.11000061035156,142.11000061035156,18115400
2020-11-11,141.47000122070312,142.0,136.6199951171875,137.82000732421875,137.82000732421875,9600900
2020-11-12,136.33999633789062,138.49000549316406,134.10000610351562,135.52000427246094,135.52000427246094,13768200
2020-11-13,140.89999389648438,141.19000244140625,136.52000427246094,138.36000061035156,138.36000061035156,21062300
2020-11-16,141.57000732421875,144.74000549316406,141.57000732421875,144.6699981689453,144.6699981689453,16382500
2020-11-17,144.39999389648438,144.8300018310547,142.55999755859375,144.5,144.5,9354900
2020-11-18,144.5,145.47999572753906,143.35000610351562,143.89999389648438,143.89999389648438,9456200
2020-11-19,142.57000732421875,143.3000030517578,141.6999969482422,141.72000122070312,141.72000122070312,8892500
2020-11-20,141.7100067138672,142.61000061035156,140.86000061035156,141.07000732421875,141.07000732421875,8481600
2020-11-23,142.4499969482422,147.75,141.6999969482422,145.97999572753906,145.97999572753906,12887000
2020-11-24,148.16000366210938,151.86000061035156,147.85000610351562,151.49000549316406,151.49000549316406,16711700
2020-11-25,150.27000427246094,150.27000427246094,147.24000549316406,149.08999633789062,149.08999633789062,9552000
2020-11-27,149.0,150.35000610351562,146.52999877929688,147.1300048828125,147.1300048828125,5306400
2020-11-30,147.05999755859375,148.69000244140625,146.2899932861328,148.00999450683594,148.00999450683594,9710100
2020-12-01,149.57000732421875,151.39999389648438,149.0,149.44000244140625,149.44000244140625,8825500
2020-12-02,149.49000549316406,154.00999450683594,148.33999633789062,153.61000061035156,153.61000061035156,10601900
2020-12-03,153.4499969482422,154.44000244140625,152.1300048828125,153.24000549316406,153.24000549316406,9063200
2020-12-04,153.69000244140625,154.67999267578125,152.80999755859375,154.13999938964844,154.13999938964844,6033300
2020-12-07,153.17999267578125,153.8800048828125,152.25999450683594,153.67999267578125,153.67999267578125,6815500
2020-12-08,152.4199981689453,154.8800048828125,152.25,153.72000122070312,153.72000122070312,7900600
2020-12-09,156.2899932861328,157.4600067138672,153.88999938964844,154.42999267578125,154.42999267578125,10804300
2020-12-10,153.32000732421875,155.33999633789062,152.5,154.69000244140625,154.69000244140625,8993200
2020-12-11,169.67999267578125,179.4499969482422,165.3300018310547,175.72000122070312,175.72000122070312,87410700
2020-12-14,173.8000030517578,177.3000030517578,168.80999755859375,169.3000030517578,169.3000030517578,30939400
2020-12-15,170.49000549316406,174.47000122070312,167.82000732421875,173.94000244140625,173.94000244140625,18802600
2020-12-16,173.99000549316406,174.85000610351562,171.6199951171875,173.1199951171875,173.1199951171875,11105800
2020-12-17,173.82000732421875,174.83999633789062,171.9600067138672,173.5500030517578,173.5500030517578,9004600
2020-12-18,173.60000610351562,175.83999633789062,172.27999877929688,172.88999938964844,172.88999938964844,21172100
2020-12-21,170.08999633789062,171.94000244140625,168.19000244140625,170.69000244140625,170.69000244140625,11424200
2020-12-22,170.0,171.4499969482422,169.16000366210938,170.4499969482422,170.4499969482422,6419200
2020-12-23,172.9600067138672,175.9499969482422,172.3000030517578,173.5500030517578,173.5500030517578,9994000
2020-12-24,173.99000549316406,174.5800018310547,172.3800048828125,173.72999572753906,173.72999572753906,2721000
2020-12-28,175.75,179.9199981689453,175.0500030517578,178.86000061035156,178.86000061035156,13145400
2020-12-29,180.00999450683594,180.1999969482422,176.22000122070312,177.3000030517578,177.3000030517578,6875400
2020-12-30,178.5,183.39999389648438,178.3699951171875,181.1699981689453,181.1699981689453,11680400
2020-12-31,181.22000122070312,183.39999389648438,180.27000427246094,181.17999267578125,181.17999267578125,7073500
2021-01-04,182.25999450683594,182.58999633789062,174.72999572753906,177.67999267578125,177.67999267578125,13426600
2021-01-05,176.1999969482422,180.33999633789062,176.1999969482422,178.44000244140625,178.44000244140625,7771800
2021-01-06,178.32000732421875,181.61000061035156,177.27999877929688,179.1199951171875,179.1199951171875,7517800
2021-01-07,179.5,179.9499969482422,177.5800018310547,178.5800018310547,178.5800018310547,7300800
2021-01-08,178.80999755859375,180.02000427246094,176.60000610351562,178.69000244140625,178.69000244140625,7894500
2021-01-11,177.75,181.25999450683594,177.35000610351562,179.08999633789062,179.08999633789062,6461300
2021-01-12,177.3000030517578,178.32000732421875,174.86000061035156,175.99000549316406,175.99000549316406,8349800
2021-01-13,174.39999389648438,177.72999572753906,173.74000549316406,176.1199951171875,176.1199951171875,6839500
2021-01-14,177.00999450683594,178.35000610351562,173.39999389648438,173.42999267578125,173.42999267578125,8951200
2021-01-15,172.9499969482422,174.19000244140625,170.1699981689453,171.44000244140625,171.44000244140625,12232500
2021-01-19,172.10000610351562,173.7100067138672,171.44000244140625,172.25999450683594,172.25999450683594,7834700
2021-01-20,175.22000122070312,177.8800048828125,173.0,173.63999938964844,173.63999938964844,9809200
2021-01-21,173.24000549316406,175.0,171.02000427246094,171.27999877929688,171.27999877929688,8416400
2021-01-22,174.0,175.25,171.88999938964844,172.77999877929688,172.77999877929688,9517200
2021-01-25,171.88999938964844,173.11000061035156,168.77000427246094,171.88999938964844,171.88999938964844,7833700
2021-01-26,173.0,173.35000610351562,169.0500030517578,169.55999755859375,169.55999755859375,7523200
2021-01-27,165.00999450683594,166.33999633789062,160.52000427246094,163.02999877929688,163.02999877929688,18239200
2021-01-28,166.1699981689453,172.8800048828125,165.9499969482422,171.8800048828125,171.8800048828125,14449100
2021-01-29,168.8000030517578,169.80999755859375,165.7899932861328,168.1699981689453,168.1699981689453,12848800
2021-02-01,170.83999633789062,171.72999572753906,168.02999877929688,170.97000122070312,170.97000122070312,8140400
2021-02-02,173.77000427246094,179.75999450683594,172.8000030517578,176.9600067138672,176.9600067138672,12215200
2021-02-03,177.0,178.42999267578125,175.75999450683594,176.42999267578125,176.42999267578125,5508600
2021-02-04,177.58999633789062,181.3800048828125,176.49000549316406,180.22999572753906,180.22999572753906,9035400
2021-02-05,181.7100067138672,182.32000732421875,179.3300018310547,181.16000366210938,181.16000366210938,6640500
2021-02-08,183.85000610351562,190.63999938964844,183.3000030517578,190.0,190.0,16085700
2021-02-09,188.1699981689453,189.25,186.0399932861328,188.2100067138672,188.2100067138672,11270800
2021-02-10,189.97999572753906,190.6999969482422,185.80999755859375,189.6300048828125,189.6300048828125,11464600
2021-02-11,189.17999267578125,191.25,188.07000732421875,190.91000366210938,190.91000366210938,17507900
2021-02-12,193.0,193.85000610351562,186.55999755859375,187.6699981689453,187.6699981689453,27233800
2021-02-16,187.3000030517578,188.44000244140625,184.86000061035156,186.35000610351562,186.35000610351562,11630700
2021-02-17,185.36000061035156,187.6300048828125,182.16000366210938,186.44000244140625,186.44000244140625,11391800
2021-02-18,184.7899932861328,186.39999389648438,182.83999633789062,183.0,183.0,12380900
2021-02-19,184.27000427246094,184.77999877929688,182.7899932861328,183.64999389648438,183.64999389648438,8834500
2021-02-22,181.74000549316406,194.02000427246094,181.52999877929688,191.75999450683594,191.75999450683594,18799600
2021-02-23,193.58999633789062,198.94000244140625,188.66000366210938,197.08999633789062,197.08999633789062,23191400
2021-02-24,197.5800018310547,200.60000610351562,195.3300018310547,197.50999450683594,197.50999450683594,16205900
2021-02-25,197.72999572753906,197.9600067138672,190.3800048828125,190.97999572753906,190.97999572753906,12712000
2021-02-26,190.07000732421875,191.61000061035156,185.4499969482422,189.0399932861328,189.0399932861328,15844000
2021-03-01,193.22999572753906,196.89999389648438,191.38999938964844,194.97999572753906,194.97999572753906,10709900
2021-03-02,196.10000610351562,197.9600067138672,193.49000549316406,193.94000244140625,193.94000244140625,8371400
2021-03-03,194.6300048828125,196.80999755859375,192.2100067138672,192.25999450683594,192.25999450683594,8750300
2021-03-04,189.89999389648438,192.47999572753906,184.1199951171875,188.02999877929688,188.02999877929688,12542600
2021-03-05,189.14999389648438,190.57000732421875,183.33999633789062,189.99000549316406,189.99000549316406,10266400
2021-03-08,197.30999755859375,203.02000427246094,193.7899932861328,201.91000366210938,201.91000366210938,25093200
2021-03-09,200.19000244140625,201.6999969482422,194.3699951171875,194.50999450683594,194.50999450683594,23331000
2021-03-10,197.30999755859375,198.8000030517578,194.67999267578125,195.05999755859375,195.05999755859375,13662100
2021-03-11,197.3800048828125,199.0500030517578,195.39999389648438,196.75,196.75,11933900
2021-03-12,196.52999877929688,198.41000366210938,195.17999267578125,197.16000366210938,197.16000366210938,13249100
2021-03-15,198.5399932861328,198.5399932861328,194.80999755859375,196.75999450683594,196.75999450683594,10311400
2021-03-16,196.10000610351562,196.58999633789062,192.8800048828125,194.24000549316406,194.24000549316406,9680700
2021-03-17,193.44000244140625,196.19000244140625,191.77999877929688,195.24000549316406,195.24000549316406,14418700
2021-03-18,194.9499969482422,195.0800018310547,191.74000549316406,192.27999877929688,192.27999877929688,9644500
2021-03-19,190.9199981689453,194.0,189.75999450683594,191.13999938964844,191.13999938964844,28354600
2021-03-22,193.25999450683594,196.3300018310547,192.0,192.86000061035156,192.86000061035156,8838500
2021-03-23,191.58999633789062,192.33999633789062,187.97000122070312,188.72999572753906,188.72999572753906,10701200
2021-03-24,190.05999755859375,190.5,184.63999938964844,184.72000122070312,184.72000122070312,13549100
2021-03-25,181.85000610351562,187.7100067138672,181.00999450683594,186.91000366210938,186.91000366210938,9609200
2021-03-26,188.8300018310547,188.97999572753906,182.57000732421875,185.9199981689453,185.9199981689453,10196100
2021-03-29,185.24000549316406,185.94000244140625,183.14999389648438,184.85000610351562,184.85000610351562,7544700
2021-03-30,183.8300018310547,186.32000732421875,183.55999755859375,185.52999877929688,185.52999877929688,5929700
2021-03-31,185.8300018310547,186.89999389648438,184.4199981689453,184.52000427246094,184.52000427246094,8478000
2021-04-01,186.42999267578125,189.10000610351562,185.58999633789062,188.97000122070312,188.97000122070312,7749400
2021-04-05,191.47000122070312,191.6699981689453,188.08999633789062,188.5,188.5,7405300
2021-04-06,188.5,191.27999877929688,187.8699951171875,189.72999572753906,189.72999572753906,7926200
2021-04-07,189.8000030517578,190.3300018310547,186.9499969482422,187.55999755859375,187.55999755859375,6238700
2021-04-08,187.1999969482422,188.0500030517578,185.6300048828125,187.32000732421875,187.32000732421875,7763000
2021-04-09,188.1699981689453,188.22000122070312,186.14999389648438,187.88999938964844,187.88999938964844,6089300
2021-04-12,187.75,187.85000610351562,185.47999572753906,186.49000549316406,186.49000549316406,6662500
2021-04-13,185.58999633789062,186.44000244140625,184.60000610351562,185.49000549316406,185.49000549316406,6826500
2021-04-14,185.97000122070312,190.39999389648438,185.7100067138672,187.4600067138672,187.4600067138672,9089900
2021-04-15,188.08999633789062,188.89999389648438,185.6999969482422,185.92999267578125,185.92999267578125,7262500
2021-04-16,187.57000732421875,189.47000122070312,186.1999969482422,187.25999450683594,187.25999450683594,9453500
2021-04-19,187.50999450683594,190.3300018310547,185.64999389648438,187.42999267578125,187.42999267578125,7625800
2021-04-20,187.2899932861328,188.0800018310547,181.82000732421875,182.7899932861328,182.7899932861328,10765800
2021-04-21,181.2899932861328,183.3800048828125,178.86000061035156,183.11000061035156,183.11000061035156,8400200
2021-04-22,184.22000122070312,184.8800048828125,181.25999450683594,182.75999450683594,182.75999450683594,7378300
2021-04-23,182.35000610351562,183.89999389648438,181.9600067138672,183.02000427246094,183.02000427246094,6075500
2021-04-26,183.9600067138672,185.60000610351562,183.25999450683594,184.27000427246094,184.27000427246094,6178300
2021-04-27,184.99000549316406,185.80999755859375,184.14999389648438,184.63999938964844,184.63999938964844,4870000
2021-04-28,184.7899932861328,184.7899932861328,182.82000732421875,183.38999938964844,183.38999938964844,5199300
2021-04-29,184.8000030517578,185.5500030517578,182.75,185.3300018310547,185.3300018310547,5958300
2021-04-30,184.2899932861328,186.32000732421875,183.5399932861328,186.02000427246094,186.02000427246094,7860100
2021-05-03,187.69000244140625,189.22000122070312,185.25,185.50999450683594,185.50999450683594,7542800
2021-05-04,184.8699951171875,185.6300048828125,182.30999755859375,184.25,184.25,7069300
2021-05-05,185.00999450683594,185.00999450683594,181.36000061035156,181.50999450683594,181.50999450683594,4056800
2021-05-06,182.77999877929688,182.99000549316406,179.80999755859375,181.7899932861328,181.7899932861328,6944900
2021-05-07,182.0,185.1199951171875,181.50999450683594,184.83999633789062,184.83999633789062,6868400
2021-05-10,185.6999969482422,186.97000122070312,184.02999877929688,184.3000030517578,184.3000030517578,8260300
2021-05-11,181.8000030517578,182.25,178.42999267578125,181.6699981689453,181.6699981689453,10865600
2021-05-12,180.6999969482422,182.4600067138672,177.5800018310547,177.85000610351562,177.85000610351562,8988100
2021-05-13,178.3699951171875,180.75,175.8000030517578,178.33999633789062,178.33999633789062,12332200
2021-05-14,172.92999267578125,174.91000366210938,168.77999877929688,173.6999969482422,173.6999969482422,33127500
